23,-6,x55MV02VPwhfiADN4CKS7ZWf70c=,CIr2pPHLji7WfKU4muaxx29Gjhk=
23,-7,x55MV02VPwhfiADN4CKS7ZWf70c=,Er3P+bcFcZccPaH79pX5j1WhzLI=
23,-5,x55MV02VPwhfiADN4CKS7ZWf70c=,CIr2pPHLji7WfKU4muaxx29Gjhk=
21,-8,x55MV02VPwhfiADN4CKS7ZWf70c=,/pJOylsWysA/KflBFKMnnqDlJFU=
22,-8,x55MV02VPwhfiADN4CKS7ZWf70c=,Er3P+bcFcZccPaH79pX5j1WhzLI=
23,-8,x55MV02VPwhfiADN4CKS7ZWf70c=,Er3P+bcFcZccPaH79pX5j1WhzLI=
17,-2,x55MV02VPwhfiADN4CKS7ZWf70c=,IsZuGpeDU7uzphaYOr1VdXigXhU=
17,-1,x55MV02VPwhfiADN4CKS7ZWf70c=,IsZuGpeDU7uzphaYOr1VdXigXhU=
16,-2,x55MV02VPwhfiADN4CKS7ZWf70c=,IsZuGpeDU7uzphaYOr1VdXigXhU=
20,-8,x55MV02VPwhfiADN4CKS7ZWf70c=,/pJOylsWysA/KflBFKMnnqDlJFU=
16,-1,x55MV02VPwhfiADN4CKS7ZWf70c=,IsZuGpeDU7uzphaYOr1VdXigXhU=
21,-7,x55MV02VPwhfiADN4CKS7ZWf70c=,/pJOylsWysA/KflBFKMnnqDlJFU=
22,-7,x55MV02VPwhfiADN4CKS7ZWf70c=,Er3P+bcFcZccPaH79pX5j1WhzLI=
22,-5,x55MV02VPwhfiADN4CKS7ZWf70c=,CIr2pPHLji7WfKU4muaxx29Gjhk=
20,-7,x55MV02VPwhfiADN4CKS7ZWf70c=,/pJOylsWysA/KflBFKMnnqDlJFU=
19,-5,x55MV02VPwhfiADN4CKS7ZWf70c=,yWkVe6YagS+13Oy4hT+MZN1gcrA=
22,-6,x55MV02VPwhfiADN4CKS7ZWf70c=,CIr2pPHLji7WfKU4muaxx29Gjhk=
20,-5,x55MV02VPwhfiADN4CKS7ZWf70c=,9KAigNAM8Ej8+L2mHMLtmNf+w58=
21,-5,x55MV02VPwhfiADN4CKS7ZWf70c=,9KAigNAM8Ej8+L2mHMLtmNf+w58=
21,-6,x55MV02VPwhfiADN4CKS7ZWf70c=,9KAigNAM8Ej8+L2mHMLtmNf+w58=
19,-6,x55MV02VPwhfiADN4CKS7ZWf70c=,yWkVe6YagS+13Oy4hT+MZN1gcrA=
20,-6,x55MV02VPwhfiADN4CKS7ZWf70c=,9KAigNAM8Ej8+L2mHMLtmNf+w58=
17,-5,x55MV02VPwhfiADN4CKS7ZWf70c=,Ovd+GwNm5zXtq0e/6qJFSFXRUfU=
16,-5,x55MV02VPwhfiADN4CKS7ZWf70c=,Ovd+GwNm5zXtq0e/6qJFSFXRUfU=
18,-5,x55MV02VPwhfiADN4CKS7ZWf70c=,yWkVe6YagS+13Oy4hT+MZN1gcrA=
16,-6,x55MV02VPwhfiADN4CKS7ZWf70c=,Ovd+GwNm5zXtq0e/6qJFSFXRUfU=
17,-6,x55MV02VPwhfiADN4CKS7ZWf70c=,Ovd+GwNm5zXtq0e/6qJFSFXRUfU=
18,-6,x55MV02VPwhfiADN4CKS7ZWf70c=,yWkVe6YagS+13Oy4hT+MZN1gcrA=
2,-12,w9o3EQ8ARIPWKKRbROY1aOfVdko=,NnK40WZ4IE88dpGEuEp9fRM7TEw=
1,-13,w9o3EQ8ARIPWKKRbROY1aOfVdko=,1n7tdvKBYL2tiiFAd0ytkDwo5IE=
2,-13,w9o3EQ8ARIPWKKRbROY1aOfVdko=,/2zHNAHtAK4FJ054ib7qGiHHmIw=
1,-12,w9o3EQ8ARIPWKKRbROY1aOfVdko=,2iBB0EeHtXw64hHzw4Zw80hTXVg=
2,-10,w9o3EQ8ARIPWKKRbROY1aOfVdko=,XH83iJNb8Q+fcd62GzGuwoOwCJo=
2,-11,w9o3EQ8ARIPWKKRbROY1aOfVdko=,NnK40WZ4IE88dpGEuEp9fRM7TEw=
1,-11,w9o3EQ8ARIPWKKRbROY1aOfVdko=,2iBB0EeHtXw64hHzw4Zw80hTXVg=
1,-10,w9o3EQ8ARIPWKKRbROY1aOfVdko=,mp9S50TURXFqvgvpWSC4AO8K4AE=
2,-8,w9o3EQ8ARIPWKKRbROY1aOfVdko=,zN2k//69RodZ7BF/0tIPPJ5vBgo=
2,-9,w9o3EQ8ARIPWKKRbROY1aOfVdko=,XH83iJNb8Q+fcd62GzGuwoOwCJo=
1,-8,w9o3EQ8ARIPWKKRbROY1aOfVdko=,8kpsVTufJ8JTeU8Qh9Bx21CnCNU=
1,-9,w9o3EQ8ARIPWKKRbROY1aOfVdko=,mp9S50TURXFqvgvpWSC4AO8K4AE=
4,-7,EhpG9e025c7YiInGqsNPSg+Luyo=,lIw6PeWzzG6Gpt6jhEak/HM61YQ=
3,-7,EhpG9e025c7YiInGqsNPSg+Luyo=,zN2k//69RodZ7BF/0tIPPJ5vBgo=
4,-6,EhpG9e025c7YiInGqsNPSg+Luyo=,qRNm0rO8KbMiKCu6uJN+9WSQ/5c=
3,-6,EhpG9e025c7YiInGqsNPSg+Luyo=,//6ifwrJnx+IFIWAqM7Aqdllte8=
1,-7,EhpG9e025c7YiInGqsNPSg+Luyo=,8kpsVTufJ8JTeU8Qh9Bx21CnCNU=
2,-7,EhpG9e025c7YiInGqsNPSg+Luyo=,zN2k//69RodZ7BF/0tIPPJ5vBgo=
1,-6,EhpG9e025c7YiInGqsNPSg+Luyo=,nUc4VeFBGSLRih2blM8m9Fu4qcI=
2,-6,EhpG9e025c7YiInGqsNPSg+Luyo=,//6ifwrJnx+IFIWAqM7Aqdllte8=
4,-5,EhpG9e025c7YiInGqsNPSg+Luyo=,qRNm0rO8KbMiKCu6uJN+9WSQ/5c=
3,-5,EhpG9e025c7YiInGqsNPSg+Luyo=,//6ifwrJnx+IFIWAqM7Aqdllte8=
3,-4,EhpG9e025c7YiInGqsNPSg+Luyo=,CMlIosOGWSxHD91oXUTrYI8GXvQ=
4,-4,EhpG9e025c7YiInGqsNPSg+Luyo=,6qhBrgfDlmFRdF8tbVnc3kMIzSM=
2,-4,EhpG9e025c7YiInGqsNPSg+Luyo=,CMlIosOGWSxHD91oXUTrYI8GXvQ=
1,-5,EhpG9e025c7YiInGqsNPSg+Luyo=,nUc4VeFBGSLRih2blM8m9Fu4qcI=
1,-4,EhpG9e025c7YiInGqsNPSg+Luyo=,g2jZdGC3HfoxOElx40wIHuGOILo=
2,-5,EhpG9e025c7YiInGqsNPSg+Luyo=,//6ifwrJnx+IFIWAqM7Aqdllte8=
4,-2,EhpG9e025c7YiInGqsNPSg+Luyo=,IKq09nd34JkOEQYm8hxgoB5jNT4=
3,-3,EhpG9e025c7YiInGqsNPSg+Luyo=,CMlIosOGWSxHD91oXUTrYI8GXvQ=
3,-2,EhpG9e025c7YiInGqsNPSg+Luyo=,uQHddEIDGJqA2RZqh+ZqSW7RV/c=
4,-3,EhpG9e025c7YiInGqsNPSg+Luyo=,6qhBrgfDlmFRdF8tbVnc3kMIzSM=
5,-3,ltJz9UUorKEISCnIJlkeqM6fUro=,6qhBrgfDlmFRdF8tbVnc3kMIzSM=
6,-2,ltJz9UUorKEISCnIJlkeqM6fUro=,cUccE+XOwUGe+orU9y4a79BeIEo=
5,-2,ltJz9UUorKEISCnIJlkeqM6fUro=,IKq09nd34JkOEQYm8hxgoB5jNT4=
6,-3,ltJz9UUorKEISCnIJlkeqM6fUro=,U1vSFvmdRBTzvwBo8dL1DMzecR4=
7,-3,ltJz9UUorKEISCnIJlkeqM6fUro=,U1vSFvmdRBTzvwBo8dL1DMzecR4=
8,-3,ltJz9UUorKEISCnIJlkeqM6fUro=,96nsPWJr6BFnpjp4ZpyE/i1XMB0=
8,-2,ltJz9UUorKEISCnIJlkeqM6fUro=,UZQfdd1/+s3awPYW2yYU7QQJDrg=
7,-2,ltJz9UUorKEISCnIJlkeqM6fUro=,cUccE+XOwUGe+orU9y4a79BeIEo=
2,-2,ltJz9UUorKEISCnIJlkeqM6fUro=,uQHddEIDGJqA2RZqh+ZqSW7RV/c=
2,-3,ltJz9UUorKEISCnIJlkeqM6fUro=,CMlIosOGWSxHD91oXUTrYI8GXvQ=
1,-3,ltJz9UUorKEISCnIJlkeqM6fUro=,g2jZdGC3HfoxOElx40wIHuGOILo=
1,-2,ltJz9UUorKEISCnIJlkeqM6fUro=,agDDKWdKS2qCDzUAFJyMSMmnr1I=
7,-4,ltJz9UUorKEISCnIJlkeqM6fUro=,U1vSFvmdRBTzvwBo8dL1DMzecR4=
8,-5,ltJz9UUorKEISCnIJlkeqM6fUro=,K/Rj0V/CZuNbbWA3yOqxgVmjfxQ=
8,-4,ltJz9UUorKEISCnIJlkeqM6fUro=,96nsPWJr6BFnpjp4ZpyE/i1XMB0=
5,-5,ltJz9UUorKEISCnIJlkeqM6fUro=,qRNm0rO8KbMiKCu6uJN+9WSQ/5c=
7,-5,ltJz9UUorKEISCnIJlkeqM6fUro=,ssum/gm8YfJGssBtlQq8R8LrX6c=
6,-5,ltJz9UUorKEISCnIJlkeqM6fUro=,ssum/gm8YfJGssBtlQq8R8LrX6c=
6,-4,ltJz9UUorKEISCnIJlkeqM6fUro=,U1vSFvmdRBTzvwBo8dL1DMzecR4=
5,-4,ltJz9UUorKEISCnIJlkeqM6fUro=,6qhBrgfDlmFRdF8tbVnc3kMIzSM=
8,-7,ltJz9UUorKEISCnIJlkeqM6fUro=,WoRJ9TMEJwlMbrYlL7I7NZGljMM=
7,-7,ltJz9UUorKEISCnIJlkeqM6fUro=,V+VS0lfevD3YETVrWoZcuCByLek=
5,-7,ltJz9UUorKEISCnIJlkeqM6fUro=,lIw6PeWzzG6Gpt6jhEak/HM61YQ=
6,-7,ltJz9UUorKEISCnIJlkeqM6fUro=,V+VS0lfevD3YETVrWoZcuCByLek=
6,-6,ltJz9UUorKEISCnIJlkeqM6fUro=,ssum/gm8YfJGssBtlQq8R8LrX6c=
5,-6,ltJz9UUorKEISCnIJlkeqM6fUro=,qRNm0rO8KbMiKCu6uJN+9WSQ/5c=
8,-6,ltJz9UUorKEISCnIJlkeqM6fUro=,K/Rj0V/CZuNbbWA3yOqxgVmjfxQ=
7,-6,ltJz9UUorKEISCnIJlkeqM6fUro=,ssum/gm8YfJGssBtlQq8R8LrX6c=
7,-8,1OsXWxKYP+Zrpybrjd0Ke6gwJWA=,V+VS0lfevD3YETVrWoZcuCByLek=
8,-8,1OsXWxKYP+Zrpybrjd0Ke6gwJWA=,WoRJ9TMEJwlMbrYlL7I7NZGljMM=
7,-9,1OsXWxKYP+Zrpybrjd0Ke6gwJWA=,ggg7+ubBO0+cDH5JukFoO005jg0=
8,-9,1OsXWxKYP+Zrpybrjd0Ke6gwJWA=,hzHrBTuDvOBQwNOLSuOILhz6Cr4=
6,-8,1OsXWxKYP+Zrpybrjd0Ke6gwJWA=,V+VS0lfevD3YETVrWoZcuCByLek=
3,-9,1OsXWxKYP+Zrpybrjd0Ke6gwJWA=,XH83iJNb8Q+fcd62GzGuwoOwCJo=
5,-9,1OsXWxKYP+Zrpybrjd0Ke6gwJWA=,QojkqUwkpKDJ9ThuZITfKt2LWw0=
5,-8,1OsXWxKYP+Zrpybrjd0Ke6gwJWA=,lIw6PeWzzG6Gpt6jhEak/HM61YQ=
4,-9,1OsXWxKYP+Zrpybrjd0Ke6gwJWA=,QojkqUwkpKDJ9ThuZITfKt2LWw0=
6,-9,1OsXWxKYP+Zrpybrjd0Ke6gwJWA=,ggg7+ubBO0+cDH5JukFoO005jg0=
4,-8,1OsXWxKYP+Zrpybrjd0Ke6gwJWA=,lIw6PeWzzG6Gpt6jhEak/HM61YQ=
3,-8,1OsXWxKYP+Zrpybrjd0Ke6gwJWA=,zN2k//69RodZ7BF/0tIPPJ5vBgo=
3,-10,1OsXWxKYP+Zrpybrjd0Ke6gwJWA=,XH83iJNb8Q+fcd62GzGuwoOwCJo=
3,-11,1OsXWxKYP+Zrpybrjd0Ke6gwJWA=,NnK40WZ4IE88dpGEuEp9fRM7TEw=
4,-11,1OsXWxKYP+Zrpybrjd0Ke6gwJWA=,xVKIn7P99YrojhSTd6ZvI7SwGE4=
4,-10,1OsXWxKYP+Zrpybrjd0Ke6gwJWA=,QojkqUwkpKDJ9ThuZITfKt2LWw0=
6,-10,1OsXWxKYP+Zrpybrjd0Ke6gwJWA=,ggg7+ubBO0+cDH5JukFoO005jg0=
6,-11,1OsXWxKYP+Zrpybrjd0Ke6gwJWA=,wRB/gRx6WoTNj7T1RZgTru37IIk=
5,-11,1OsXWxKYP+Zrpybrjd0Ke6gwJWA=,xVKIn7P99YrojhSTd6ZvI7SwGE4=
5,-10,1OsXWxKYP+Zrpybrjd0Ke6gwJWA=,QojkqUwkpKDJ9ThuZITfKt2LWw0=
3,-12,1OsXWxKYP+Zrpybrjd0Ke6gwJWA=,NnK40WZ4IE88dpGEuEp9fRM7TEw=
3,-13,1OsXWxKYP+Zrpybrjd0Ke6gwJWA=,/2zHNAHtAK4FJ054ib7qGiHHmIw=
4,-13,1OsXWxKYP+Zrpybrjd0Ke6gwJWA=,QnjcE9W+HgsGJNRgY6v1f9/z84M=
4,-12,1OsXWxKYP+Zrpybrjd0Ke6gwJWA=,xVKIn7P99YrojhSTd6ZvI7SwGE4=
6,-12,sumeoVp7X3jljX6GAmjBQyniPMQ=,wRB/gRx6WoTNj7T1RZgTru37IIk=
5,-13,sumeoVp7X3jljX6GAmjBQyniPMQ=,QnjcE9W+HgsGJNRgY6v1f9/z84M=
5,-12,sumeoVp7X3jljX6GAmjBQyniPMQ=,xVKIn7P99YrojhSTd6ZvI7SwGE4=
6,-13,sumeoVp7X3jljX6GAmjBQyniPMQ=,DRGkfY3l5pcXvYalxdDvmodXtIo=
9,-8,sumeoVp7X3jljX6GAmjBQyniPMQ=,WoRJ9TMEJwlMbrYlL7I7NZGljMM=
9,-9,sumeoVp7X3jljX6GAmjBQyniPMQ=,hzHrBTuDvOBQwNOLSuOILhz6Cr4=
6,-14,sumeoVp7X3jljX6GAmjBQyniPMQ=,DRGkfY3l5pcXvYalxdDvmodXtIo=
8,-14,sumeoVp7X3jljX6GAmjBQyniPMQ=,wk6h1bBRKm8Yt0znZ0AvtgJwzEI=
6,-15,sumeoVp7X3jljX6GAmjBQyniPMQ=,x1W1cb6StLSu3ZLzb+79GZjZMpM=
7,-15,sumeoVp7X3jljX6GAmjBQyniPMQ=,x1W1cb6StLSu3ZLzb+79GZjZMpM=
8,-16,sumeoVp7X3jljX6GAmjBQyniPMQ=,N1PYEbdXu8m9wsWGurkYpPGkSe4=
5,-15,sumeoVp7X3jljX6GAmjBQyniPMQ=,h6um7dh+X2FVsmPp7kB/ndIu9aw=
8,-15,sumeoVp7X3jljX6GAmjBQyniPMQ=,N1PYEbdXu8m9wsWGurkYpPGkSe4=
5,-16,sumeoVp7X3jljX6GAmjBQyniPMQ=,h6um7dh+X2FVsmPp7kB/ndIu9aw=
7,-14,sumeoVp7X3jljX6GAmjBQyniPMQ=,DRGkfY3l5pcXvYalxdDvmodXtIo=
6,-16,sumeoVp7X3jljX6GAmjBQyniPMQ=,x1W1cb6StLSu3ZLzb+79GZjZMpM=
5,-14,sumeoVp7X3jljX6GAmjBQyniPMQ=,QnjcE9W+HgsGJNRgY6v1f9/z84M=
7,-16,sumeoVp7X3jljX6GAmjBQyniPMQ=,x1W1cb6StLSu3ZLzb+79GZjZMpM=
9,-13,sumeoVp7X3jljX6GAmjBQyniPMQ=,wk6h1bBRKm8Yt0znZ0AvtgJwzEI=
7,-11,sumeoVp7X3jljX6GAmjBQyniPMQ=,wRB/gRx6WoTNj7T1RZgTru37IIk=
8,-13,sumeoVp7X3jljX6GAmjBQyniPMQ=,wk6h1bBRKm8Yt0znZ0AvtgJwzEI=
9,-12,sumeoVp7X3jljX6GAmjBQyniPMQ=,mmzpZmLCD1bR6yUhUDYd8Umggdc=
9,-11,sumeoVp7X3jljX6GAmjBQyniPMQ=,mmzpZmLCD1bR6yUhUDYd8Umggdc=
7,-13,sumeoVp7X3jljX6GAmjBQyniPMQ=,DRGkfY3l5pcXvYalxdDvmodXtIo=
8,-11,sumeoVp7X3jljX6GAmjBQyniPMQ=,mmzpZmLCD1bR6yUhUDYd8Umggdc=
9,-10,sumeoVp7X3jljX6GAmjBQyniPMQ=,hzHrBTuDvOBQwNOLSuOILhz6Cr4=
7,-12,sumeoVp7X3jljX6GAmjBQyniPMQ=,wRB/gRx6WoTNj7T1RZgTru37IIk=
7,-10,sumeoVp7X3jljX6GAmjBQyniPMQ=,ggg7+ubBO0+cDH5JukFoO005jg0=
8,-12,sumeoVp7X3jljX6GAmjBQyniPMQ=,mmzpZmLCD1bR6yUhUDYd8Umggdc=
8,-10,sumeoVp7X3jljX6GAmjBQyniPMQ=,hzHrBTuDvOBQwNOLSuOILhz6Cr4=
0,-13,sumeoVp7X3jljX6GAmjBQyniPMQ=,1n7tdvKBYL2tiiFAd0ytkDwo5IE=
0,-12,sumeoVp7X3jljX6GAmjBQyniPMQ=,2iBB0EeHtXw64hHzw4Zw80hTXVg=
0,-10,sumeoVp7X3jljX6GAmjBQyniPMQ=,mp9S50TURXFqvgvpWSC4AO8K4AE=
0,-11,sumeoVp7X3jljX6GAmjBQyniPMQ=,2iBB0EeHtXw64hHzw4Zw80hTXVg=
0,-8,sumeoVp7X3jljX6GAmjBQyniPMQ=,8kpsVTufJ8JTeU8Qh9Bx21CnCNU=
0,-9,sumeoVp7X3jljX6GAmjBQyniPMQ=,mp9S50TURXFqvgvpWSC4AO8K4AE=
0,-7,sumeoVp7X3jljX6GAmjBQyniPMQ=,8kpsVTufJ8JTeU8Qh9Bx21CnCNU=
0,-6,sumeoVp7X3jljX6GAmjBQyniPMQ=,nUc4VeFBGSLRih2blM8m9Fu4qcI=
0,-5,sumeoVp7X3jljX6GAmjBQyniPMQ=,nUc4VeFBGSLRih2blM8m9Fu4qcI=
0,-4,sumeoVp7X3jljX6GAmjBQyniPMQ=,g2jZdGC3HfoxOElx40wIHuGOILo=
0,-3,sumeoVp7X3jljX6GAmjBQyniPMQ=,g2jZdGC3HfoxOElx40wIHuGOILo=
0,-2,sumeoVp7X3jljX6GAmjBQyniPMQ=,agDDKWdKS2qCDzUAFJyMSMmnr1I=
2,-1,sumeoVp7X3jljX6GAmjBQyniPMQ=,uQHddEIDGJqA2RZqh+ZqSW7RV/c=
4,-1,sumeoVp7X3jljX6GAmjBQyniPMQ=,IKq09nd34JkOEQYm8hxgoB5jNT4=
3,-1,sumeoVp7X3jljX6GAmjBQyniPMQ=,uQHddEIDGJqA2RZqh+ZqSW7RV/c=
1,-1,sumeoVp7X3jljX6GAmjBQyniPMQ=,agDDKWdKS2qCDzUAFJyMSMmnr1I=
6,-1,sumeoVp7X3jljX6GAmjBQyniPMQ=,cUccE+XOwUGe+orU9y4a79BeIEo=
5,-1,sumeoVp7X3jljX6GAmjBQyniPMQ=,IKq09nd34JkOEQYm8hxgoB5jNT4=
8,-1,sumeoVp7X3jljX6GAmjBQyniPMQ=,UZQfdd1/+s3awPYW2yYU7QQJDrg=
7,-1,sumeoVp7X3jljX6GAmjBQyniPMQ=,cUccE+XOwUGe+orU9y4a79BeIEo=
4,-15,sumeoVp7X3jljX6GAmjBQyniPMQ=,h6um7dh+X2FVsmPp7kB/ndIu9aw=
4,-16,sumeoVp7X3jljX6GAmjBQyniPMQ=,h6um7dh+X2FVsmPp7kB/ndIu9aw=
3,-15,sumeoVp7X3jljX6GAmjBQyniPMQ=,XK7LGgDGqUNugyJ72//GSEnWXP8=
3,-14,sumeoVp7X3jljX6GAmjBQyniPMQ=,/2zHNAHtAK4FJ054ib7qGiHHmIw=
3,-16,sumeoVp7X3jljX6GAmjBQyniPMQ=,XK7LGgDGqUNugyJ72//GSEnWXP8=
4,-14,sumeoVp7X3jljX6GAmjBQyniPMQ=,QnjcE9W+HgsGJNRgY6v1f9/z84M=
0,-14,sumeoVp7X3jljX6GAmjBQyniPMQ=,1n7tdvKBYL2tiiFAd0ytkDwo5IE=
1,-14,sumeoVp7X3jljX6GAmjBQyniPMQ=,1n7tdvKBYL2tiiFAd0ytkDwo5IE=
2,-14,sumeoVp7X3jljX6GAmjBQyniPMQ=,/2zHNAHtAK4FJ054ib7qGiHHmIw=
1,-15,sumeoVp7X3jljX6GAmjBQyniPMQ=,vgZ9CE9dW9QvLnktr1gVFRt9O6Q=
0,-15,sumeoVp7X3jljX6GAmjBQyniPMQ=,vgZ9CE9dW9QvLnktr1gVFRt9O6Q=
2,-15,sumeoVp7X3jljX6GAmjBQyniPMQ=,XK7LGgDGqUNugyJ72//GSEnWXP8=
1,-16,sumeoVp7X3jljX6GAmjBQyniPMQ=,vgZ9CE9dW9QvLnktr1gVFRt9O6Q=
2,-16,sumeoVp7X3jljX6GAmjBQyniPMQ=,XK7LGgDGqUNugyJ72//GSEnWXP8=
9,-2,IM7OaoAo6vGhZOfM8T9SlWFFJKk=,UZQfdd1/+s3awPYW2yYU7QQJDrg=
9,-3,IM7OaoAo6vGhZOfM8T9SlWFFJKk=,96nsPWJr6BFnpjp4ZpyE/i1XMB0=
10,-3,IM7OaoAo6vGhZOfM8T9SlWFFJKk=,JCAH+wXW6IpGmMSUy49DdpU8dFc=
10,-2,IM7OaoAo6vGhZOfM8T9SlWFFJKk=,oxW+O8igk6Hs1wlp761N5AaXSoI=
12,-2,IM7OaoAo6vGhZOfM8T9SlWFFJKk=,9Nfdhar81YegWShZ4CNngyMQsSM=
12,-3,IM7OaoAo6vGhZOfM8T9SlWFFJKk=,Ce1UVEvoqVM0H9A8UmULuWvPozY=
11,-3,IM7OaoAo6vGhZOfM8T9SlWFFJKk=,JCAH+wXW6IpGmMSUy49DdpU8dFc=
11,-2,IM7OaoAo6vGhZOfM8T9SlWFFJKk=,oxW+O8igk6Hs1wlp761N5AaXSoI=
9,-7,IM7OaoAo6vGhZOfM8T9SlWFFJKk=,WoRJ9TMEJwlMbrYlL7I7NZGljMM=
10,-5,IM7OaoAo6vGhZOfM8T9SlWFFJKk=,FoC6OJ6AiX4R7+1jNH+f1D2GmC0=
9,-4,IM7OaoAo6vGhZOfM8T9SlWFFJKk=,96nsPWJr6BFnpjp4ZpyE/i1XMB0=
9,-5,IM7OaoAo6vGhZOfM8T9SlWFFJKk=,K/Rj0V/CZuNbbWA3yOqxgVmjfxQ=
10,-4,IM7OaoAo6vGhZOfM8T9SlWFFJKk=,JCAH+wXW6IpGmMSUy49DdpU8dFc=
9,-6,IM7OaoAo6vGhZOfM8T9SlWFFJKk=,K/Rj0V/CZuNbbWA3yOqxgVmjfxQ=
10,-6,IM7OaoAo6vGhZOfM8T9SlWFFJKk=,FoC6OJ6AiX4R7+1jNH+f1D2GmC0=
14,-2,IM7OaoAo6vGhZOfM8T9SlWFFJKk=,bhq0XkBMhqrT2BhPNPkRDXLmv8A=
13,-3,IM7OaoAo6vGhZOfM8T9SlWFFJKk=,Ce1UVEvoqVM0H9A8UmULuWvPozY=
13,-2,IM7OaoAo6vGhZOfM8T9SlWFFJKk=,9Nfdhar81YegWShZ4CNngyMQsSM=
13,-1,IM7OaoAo6vGhZOfM8T9SlWFFJKk=,9Nfdhar81YegWShZ4CNngyMQsSM=
14,-1,IM7OaoAo6vGhZOfM8T9SlWFFJKk=,bhq0XkBMhqrT2BhPNPkRDXLmv8A=
15,-2,IM7OaoAo6vGhZOfM8T9SlWFFJKk=,bhq0XkBMhqrT2BhPNPkRDXLmv8A=
12,-1,IM7OaoAo6vGhZOfM8T9SlWFFJKk=,9Nfdhar81YegWShZ4CNngyMQsSM=
9,-1,IM7OaoAo6vGhZOfM8T9SlWFFJKk=,UZQfdd1/+s3awPYW2yYU7QQJDrg=
11,-1,IM7OaoAo6vGhZOfM8T9SlWFFJKk=,oxW+O8igk6Hs1wlp761N5AaXSoI=
12,-4,IM7OaoAo6vGhZOfM8T9SlWFFJKk=,Ce1UVEvoqVM0H9A8UmULuWvPozY=
10,-1,IM7OaoAo6vGhZOfM8T9SlWFFJKk=,oxW+O8igk6Hs1wlp761N5AaXSoI=
9,-14,IM7OaoAo6vGhZOfM8T9SlWFFJKk=,wk6h1bBRKm8Yt0znZ0AvtgJwzEI=
9,-15,IM7OaoAo6vGhZOfM8T9SlWFFJKk=,N1PYEbdXu8m9wsWGurkYpPGkSe4=
9,-16,IM7OaoAo6vGhZOfM8T9SlWFFJKk=,N1PYEbdXu8m9wsWGurkYpPGkSe4=
12,-5,IM7OaoAo6vGhZOfM8T9SlWFFJKk=,4amnLiheRFHIplEuNpRrzwp+jyw=
11,-4,IM7OaoAo6vGhZOfM8T9SlWFFJKk=,JCAH+wXW6IpGmMSUy49DdpU8dFc=
11,-5,IM7OaoAo6vGhZOfM8T9SlWFFJKk=,FoC6OJ6AiX4R7+1jNH+f1D2GmC0=
15,-1,IM7OaoAo6vGhZOfM8T9SlWFFJKk=,bhq0XkBMhqrT2BhPNPkRDXLmv8A=
11,-6,IM7OaoAo6vGhZOfM8T9SlWFFJKk=,FoC6OJ6AiX4R7+1jNH+f1D2GmC0=
0,-16,IM7OaoAo6vGhZOfM8T9SlWFFJKk=,vgZ9CE9dW9QvLnktr1gVFRt9O6Q=
0,-1,IM7OaoAo6vGhZOfM8T9SlWFFJKk=,agDDKWdKS2qCDzUAFJyMSMmnr1I=
12,-6,IM7OaoAo6vGhZOfM8T9SlWFFJKk=,4amnLiheRFHIplEuNpRrzwp+jyw=
13,-4,IM7OaoAo6vGhZOfM8T9SlWFFJKk=,Ce1UVEvoqVM0H9A8UmULuWvPozY=
13,-5,IM7OaoAo6vGhZOfM8T9SlWFFJKk=,4amnLiheRFHIplEuNpRrzwp+jyw=
15,-5,IM7OaoAo6vGhZOfM8T9SlWFFJKk=,6ycsG8N4gsrVWZNPLs4Y3wBUXQg=
14,-5,IM7OaoAo6vGhZOfM8T9SlWFFJKk=,6ycsG8N4gsrVWZNPLs4Y3wBUXQg=
15,-6,IM7OaoAo6vGhZOfM8T9SlWFFJKk=,6ycsG8N4gsrVWZNPLs4Y3wBUXQg=
13,-6,IM7OaoAo6vGhZOfM8T9SlWFFJKk=,4amnLiheRFHIplEuNpRrzwp+jyw=
14,-6,IM7OaoAo6vGhZOfM8T9SlWFFJKk=,6ycsG8N4gsrVWZNPLs4Y3wBUXQg=
2,-18,vjXVQ92RYCQxHl94WcHIgDl83mg=,MM98i16jIGDXcyJ9peS1PWVxItY=
1,-19,vjXVQ92RYCQxHl94WcHIgDl83mg=,RMlmWNhBRftK7VBxrgeYfBiq6kA=
1,-18,vjXVQ92RYCQxHl94WcHIgDl83mg=,QTYi8HWcCahNvWN7Kki8qZ1b7vo=
2,-19,vjXVQ92RYCQxHl94WcHIgDl83mg=,5gIuW3Cm7vyN5x5/EdTJUDAr1oU=
1,-23,vjXVQ92RYCQxHl94WcHIgDl83mg=,2icmZtyIhgUM9m0gLaYK5N6lSs4=
2,-23,vjXVQ92RYCQxHl94WcHIgDl83mg=,jUcM4ISmU8lUHl3cn5mIhv5l7dQ=
2,-21,vjXVQ92RYCQxHl94WcHIgDl83mg=,K3yteootCXvOOz8YRDbpVjTXkyo=
1,-21,vjXVQ92RYCQxHl94WcHIgDl83mg=,oXRKpOKmbWTU5Gk31LJwUE42a2E=
1,-22,vjXVQ92RYCQxHl94WcHIgDl83mg=,oXRKpOKmbWTU5Gk31LJwUE42a2E=
2,-20,vjXVQ92RYCQxHl94WcHIgDl83mg=,5gIuW3Cm7vyN5x5/EdTJUDAr1oU=
2,-22,vjXVQ92RYCQxHl94WcHIgDl83mg=,K3yteootCXvOOz8YRDbpVjTXkyo=
1,-20,vjXVQ92RYCQxHl94WcHIgDl83mg=,RMlmWNhBRftK7VBxrgeYfBiq6kA=
2,-25,rttd8vzLeOdwt7lHzv40xsWQXw8=,xdcAxZ/wvmtZuPla3dCwujWv148=
1,-25,rttd8vzLeOdwt7lHzv40xsWQXw8=,ZLcDnFQjBa7N6cFV0aht0F5X0xw=
1,-24,rttd8vzLeOdwt7lHzv40xsWQXw8=,2icmZtyIhgUM9m0gLaYK5N6lSs4=
2,-24,rttd8vzLeOdwt7lHzv40xsWQXw8=,jUcM4ISmU8lUHl3cn5mIhv5l7dQ=
3,-26,rttd8vzLeOdwt7lHzv40xsWQXw8=,xdcAxZ/wvmtZuPla3dCwujWv148=
1,-27,rttd8vzLeOdwt7lHzv40xsWQXw8=,E9pIYpSA/WHgMhYMHmoHgugo+oM=
3,-27,rttd8vzLeOdwt7lHzv40xsWQXw8=,Sgc5NyahByfa6CvVH2Y621ze9AM=
4,-27,rttd8vzLeOdwt7lHzv40xsWQXw8=,h5kFIie4tBpDY3JUlw3ElliVIHk=
4,-26,rttd8vzLeOdwt7lHzv40xsWQXw8=,a3W0mS45Y66sMARP8G8p0lLjg7Y=
1,-26,rttd8vzLeOdwt7lHzv40xsWQXw8=,ZLcDnFQjBa7N6cFV0aht0F5X0xw=
2,-26,rttd8vzLeOdwt7lHzv40xsWQXw8=,xdcAxZ/wvmtZuPla3dCwujWv148=
2,-27,rttd8vzLeOdwt7lHzv40xsWQXw8=,Sgc5NyahByfa6CvVH2Y621ze9AM=
0,-24,rttd8vzLeOdwt7lHzv40xsWQXw8=,2icmZtyIhgUM9m0gLaYK5N6lSs4=
0,-27,rttd8vzLeOdwt7lHzv40xsWQXw8=,E9pIYpSA/WHgMhYMHmoHgugo+oM=
0,-26,rttd8vzLeOdwt7lHzv40xsWQXw8=,ZLcDnFQjBa7N6cFV0aht0F5X0xw=
0,-25,rttd8vzLeOdwt7lHzv40xsWQXw8=,ZLcDnFQjBa7N6cFV0aht0F5X0xw=
0,-29,rttd8vzLeOdwt7lHzv40xsWQXw8=,9ZEwlrJFn503JrCVGJKIBTbkvlk=
0,-28,rttd8vzLeOdwt7lHzv40xsWQXw8=,E9pIYpSA/WHgMhYMHmoHgugo+oM=
4,-30,rttd8vzLeOdwt7lHzv40xsWQXw8=,qo2joATlcdQxws+IuKLBo5q0tFI=
2,-30,rttd8vzLeOdwt7lHzv40xsWQXw8=,kJmuUg1ky3GSsg5WkoKlNSG0P+M=
1,-30,rttd8vzLeOdwt7lHzv40xsWQXw8=,9ZEwlrJFn503JrCVGJKIBTbkvlk=
0,-23,rttd8vzLeOdwt7lHzv40xsWQXw8=,2icmZtyIhgUM9m0gLaYK5N6lSs4=
1,-29,rttd8vzLeOdwt7lHzv40xsWQXw8=,9ZEwlrJFn503JrCVGJKIBTbkvlk=
3,-30,rttd8vzLeOdwt7lHzv40xsWQXw8=,kJmuUg1ky3GSsg5WkoKlNSG0P+M=
2,-29,rttd8vzLeOdwt7lHzv40xsWQXw8=,kJmuUg1ky3GSsg5WkoKlNSG0P+M=
4,-29,rttd8vzLeOdwt7lHzv40xsWQXw8=,qo2joATlcdQxws+IuKLBo5q0tFI=
4,-28,rttd8vzLeOdwt7lHzv40xsWQXw8=,h5kFIie4tBpDY3JUlw3ElliVIHk=
3,-29,rttd8vzLeOdwt7lHzv40xsWQXw8=,kJmuUg1ky3GSsg5WkoKlNSG0P+M=
3,-28,rttd8vzLeOdwt7lHzv40xsWQXw8=,Sgc5NyahByfa6CvVH2Y621ze9AM=
1,-28,rttd8vzLeOdwt7lHzv40xsWQXw8=,E9pIYpSA/WHgMhYMHmoHgugo+oM=
2,-28,rttd8vzLeOdwt7lHzv40xsWQXw8=,Sgc5NyahByfa6CvVH2Y621ze9AM=
0,-21,rttd8vzLeOdwt7lHzv40xsWQXw8=,oXRKpOKmbWTU5Gk31LJwUE42a2E=
0,-20,rttd8vzLeOdwt7lHzv40xsWQXw8=,RMlmWNhBRftK7VBxrgeYfBiq6kA=
0,-18,rttd8vzLeOdwt7lHzv40xsWQXw8=,QTYi8HWcCahNvWN7Kki8qZ1b7vo=
0,-22,rttd8vzLeOdwt7lHzv40xsWQXw8=,oXRKpOKmbWTU5Gk31LJwUE42a2E=
0,-19,rttd8vzLeOdwt7lHzv40xsWQXw8=,RMlmWNhBRftK7VBxrgeYfBiq6kA=
2,-17,rttd8vzLeOdwt7lHzv40xsWQXw8=,MM98i16jIGDXcyJ9peS1PWVxItY=
1,-17,rttd8vzLeOdwt7lHzv40xsWQXw8=,QTYi8HWcCahNvWN7Kki8qZ1b7vo=
4,-25,1PifqkCvR5tfIh2WFIIJoXF/BP4=,a3W0mS45Y66sMARP8G8p0lLjg7Y=
3,-24,1PifqkCvR5tfIh2WFIIJoXF/BP4=,jUcM4ISmU8lUHl3cn5mIhv5l7dQ=
3,-25,1PifqkCvR5tfIh2WFIIJoXF/BP4=,xdcAxZ/wvmtZuPla3dCwujWv148=
4,-24,1PifqkCvR5tfIh2WFIIJoXF/BP4=,9MVWCU8MPr/RznSrQkqSih6ab3Q=
4,-18,1PifqkCvR5tfIh2WFIIJoXF/BP4=,M2mF7ligDouZtJUkFdyegJvSO9o=
4,-19,1PifqkCvR5tfIh2WFIIJoXF/BP4=,X7yiuHjwTosZudUzZrr+nP18q/s=
3,-18,1PifqkCvR5tfIh2WFIIJoXF/BP4=,MM98i16jIGDXcyJ9peS1PWVxItY=
3,-19,1PifqkCvR5tfIh2WFIIJoXF/BP4=,5gIuW3Cm7vyN5x5/EdTJUDAr1oU=
4,-20,1PifqkCvR5tfIh2WFIIJoXF/BP4=,X7yiuHjwTosZudUzZrr+nP18q/s=
4,-23,1PifqkCvR5tfIh2WFIIJoXF/BP4=,9MVWCU8MPr/RznSrQkqSih6ab3Q=
4,-21,1PifqkCvR5tfIh2WFIIJoXF/BP4=,Kazrb0sbmGj2j0019GaepiQ6k0k=
3,-23,1PifqkCvR5tfIh2WFIIJoXF/BP4=,jUcM4ISmU8lUHl3cn5mIhv5l7dQ=
4,-22,1PifqkCvR5tfIh2WFIIJoXF/BP4=,Kazrb0sbmGj2j0019GaepiQ6k0k=
3,-22,1PifqkCvR5tfIh2WFIIJoXF/BP4=,K3yteootCXvOOz8YRDbpVjTXkyo=
3,-20,1PifqkCvR5tfIh2WFIIJoXF/BP4=,5gIuW3Cm7vyN5x5/EdTJUDAr1oU=
3,-21,1PifqkCvR5tfIh2WFIIJoXF/BP4=,K3yteootCXvOOz8YRDbpVjTXkyo=
8,-20,1PifqkCvR5tfIh2WFIIJoXF/BP4=,0DDr9SX5UK1Dergoft98s3cs4vc=
7,-21,1PifqkCvR5tfIh2WFIIJoXF/BP4=,pnWGEx+/kfEnhsduGTw4H0Q6i3E=
7,-20,1PifqkCvR5tfIh2WFIIJoXF/BP4=,8JOMb1RgL9zGfyq4s3YcZLMZT5g=
6,-20,1PifqkCvR5tfIh2WFIIJoXF/BP4=,8JOMb1RgL9zGfyq4s3YcZLMZT5g=
5,-20,1PifqkCvR5tfIh2WFIIJoXF/BP4=,X7yiuHjwTosZudUzZrr+nP18q/s=
6,-21,1PifqkCvR5tfIh2WFIIJoXF/BP4=,pnWGEx+/kfEnhsduGTw4H0Q6i3E=
5,-21,1PifqkCvR5tfIh2WFIIJoXF/BP4=,Kazrb0sbmGj2j0019GaepiQ6k0k=
7,-22,1PifqkCvR5tfIh2WFIIJoXF/BP4=,pnWGEx+/kfEnhsduGTw4H0Q6i3E=
5,-25,1PifqkCvR5tfIh2WFIIJoXF/BP4=,a3W0mS45Y66sMARP8G8p0lLjg7Y=
6,-24,1PifqkCvR5tfIh2WFIIJoXF/BP4=,j5zY1kTvIDFkrHhHUd6ZhEB7uXo=
7,-23,1PifqkCvR5tfIh2WFIIJoXF/BP4=,j5zY1kTvIDFkrHhHUd6ZhEB7uXo=
6,-23,1PifqkCvR5tfIh2WFIIJoXF/BP4=,j5zY1kTvIDFkrHhHUd6ZhEB7uXo=
6,-22,1PifqkCvR5tfIh2WFIIJoXF/BP4=,pnWGEx+/kfEnhsduGTw4H0Q6i3E=
5,-22,1PifqkCvR5tfIh2WFIIJoXF/BP4=,Kazrb0sbmGj2j0019GaepiQ6k0k=
5,-24,1PifqkCvR5tfIh2WFIIJoXF/BP4=,9MVWCU8MPr/RznSrQkqSih6ab3Q=
5,-23,1PifqkCvR5tfIh2WFIIJoXF/BP4=,9MVWCU8MPr/RznSrQkqSih6ab3Q=
9,-20,1PifqkCvR5tfIh2WFIIJoXF/BP4=,0DDr9SX5UK1Dergoft98s3cs4vc=
10,-21,1PifqkCvR5tfIh2WFIIJoXF/BP4=,kD0OJJLFBNLsCVgchk0uizJtjq4=
10,-20,1PifqkCvR5tfIh2WFIIJoXF/BP4=,8ssDusWiyU4+iVEMr/PNLpeVBjA=
10,-19,1PifqkCvR5tfIh2WFIIJoXF/BP4=,8ssDusWiyU4+iVEMr/PNLpeVBjA=
9,-19,1PifqkCvR5tfIh2WFIIJoXF/BP4=,0DDr9SX5UK1Dergoft98s3cs4vc=
7,-24,1PifqkCvR5tfIh2WFIIJoXF/BP4=,j5zY1kTvIDFkrHhHUd6ZhEB7uXo=
5,-26,1PifqkCvR5tfIh2WFIIJoXF/BP4=,a3W0mS45Y66sMARP8G8p0lLjg7Y=
5,-27,1PifqkCvR5tfIh2WFIIJoXF/BP4=,h5kFIie4tBpDY3JUlw3ElliVIHk=
5,-28,1PifqkCvR5tfIh2WFIIJoXF/BP4=,h5kFIie4tBpDY3JUlw3ElliVIHk=
5,-29,1PifqkCvR5tfIh2WFIIJoXF/BP4=,qo2joATlcdQxws+IuKLBo5q0tFI=
9,-18,1PifqkCvR5tfIh2WFIIJoXF/BP4=,p9fFvKgMMXktFfUP9DdsqzCSPSY=
10,-22,1PifqkCvR5tfIh2WFIIJoXF/BP4=,kD0OJJLFBNLsCVgchk0uizJtjq4=
12,-22,1PifqkCvR5tfIh2WFIIJoXF/BP4=,UFnM8G6uxlpULaOh7e1Kh/UHZKE=
11,-22,1PifqkCvR5tfIh2WFIIJoXF/BP4=,kD0OJJLFBNLsCVgchk0uizJtjq4=
13,-22,1PifqkCvR5tfIh2WFIIJoXF/BP4=,UFnM8G6uxlpULaOh7e1Kh/UHZKE=
0,-30,1PifqkCvR5tfIh2WFIIJoXF/BP4=,9ZEwlrJFn503JrCVGJKIBTbkvlk=
5,-30,1PifqkCvR5tfIh2WFIIJoXF/BP4=,qo2joATlcdQxws+IuKLBo5q0tFI=
9,-17,1PifqkCvR5tfIh2WFIIJoXF/BP4=,p9fFvKgMMXktFfUP9DdsqzCSPSY=
0,-17,1PifqkCvR5tfIh2WFIIJoXF/BP4=,QTYi8HWcCahNvWN7Kki8qZ1b7vo=
4,-17,1PifqkCvR5tfIh2WFIIJoXF/BP4=,M2mF7ligDouZtJUkFdyegJvSO9o=
3,-17,1PifqkCvR5tfIh2WFIIJoXF/BP4=,MM98i16jIGDXcyJ9peS1PWVxItY=
13,-21,1PifqkCvR5tfIh2WFIIJoXF/BP4=,UFnM8G6uxlpULaOh7e1Kh/UHZKE=
12,-21,1PifqkCvR5tfIh2WFIIJoXF/BP4=,UFnM8G6uxlpULaOh7e1Kh/UHZKE=
12,-20,1PifqkCvR5tfIh2WFIIJoXF/BP4=,A2TwbKyvbAwHxOey0HY/EtMaIAw=
13,-20,1PifqkCvR5tfIh2WFIIJoXF/BP4=,A2TwbKyvbAwHxOey0HY/EtMaIAw=
13,-19,1PifqkCvR5tfIh2WFIIJoXF/BP4=,A2TwbKyvbAwHxOey0HY/EtMaIAw=
11,-21,1PifqkCvR5tfIh2WFIIJoXF/BP4=,kD0OJJLFBNLsCVgchk0uizJtjq4=
12,-19,1PifqkCvR5tfIh2WFIIJoXF/BP4=,A2TwbKyvbAwHxOey0HY/EtMaIAw=
11,-19,1PifqkCvR5tfIh2WFIIJoXF/BP4=,8ssDusWiyU4+iVEMr/PNLpeVBjA=
11,-20,1PifqkCvR5tfIh2WFIIJoXF/BP4=,8ssDusWiyU4+iVEMr/PNLpeVBjA=
7,-19,1PifqkCvR5tfIh2WFIIJoXF/BP4=,8JOMb1RgL9zGfyq4s3YcZLMZT5g=
7,-18,1PifqkCvR5tfIh2WFIIJoXF/BP4=,Xn8I0eCJlDSPXgS86Mf6YWBzCAM=
8,-19,1PifqkCvR5tfIh2WFIIJoXF/BP4=,0DDr9SX5UK1Dergoft98s3cs4vc=
6,-19,1PifqkCvR5tfIh2WFIIJoXF/BP4=,8JOMb1RgL9zGfyq4s3YcZLMZT5g=
7,-17,1PifqkCvR5tfIh2WFIIJoXF/BP4=,Xn8I0eCJlDSPXgS86Mf6YWBzCAM=
5,-19,1PifqkCvR5tfIh2WFIIJoXF/BP4=,X7yiuHjwTosZudUzZrr+nP18q/s=
8,-17,1PifqkCvR5tfIh2WFIIJoXF/BP4=,p9fFvKgMMXktFfUP9DdsqzCSPSY=
6,-17,1PifqkCvR5tfIh2WFIIJoXF/BP4=,Xn8I0eCJlDSPXgS86Mf6YWBzCAM=
5,-17,1PifqkCvR5tfIh2WFIIJoXF/BP4=,M2mF7ligDouZtJUkFdyegJvSO9o=
6,-18,1PifqkCvR5tfIh2WFIIJoXF/BP4=,Xn8I0eCJlDSPXgS86Mf6YWBzCAM=
8,-18,1PifqkCvR5tfIh2WFIIJoXF/BP4=,p9fFvKgMMXktFfUP9DdsqzCSPSY=
5,-18,1PifqkCvR5tfIh2WFIIJoXF/BP4=,M2mF7ligDouZtJUkFdyegJvSO9o=
